ccrp_article_number,URL,article_title
CCRP 1,https://www.legis.la.gov/legis/Law.aspx?d=112315,Short title; citation of Code
CCRP 2,https://www.legis.la.gov/legis/Law.aspx?d=112342,Purpose and construction
CCRP 3,https://www.legis.la.gov/legis/Law.aspx?d=112426,Procedures not otherwise specified
CCRP 4,https://www.legis.la.gov/legis/Law.aspx?d=112499,Number; gender
CCRP 5,https://www.legis.la.gov/legis/Law.aspx?d=112588,Mandatory and permissive language
CCRP 6,https://www.legis.la.gov/legis/Law.aspx?d=112642,"Conjunctive, disjunctive, or both"
CCRP 7,https://www.legis.la.gov/legis/Law.aspx?d=112707,Municipal and parochial officers included
CCRP 8,https://www.legis.la.gov/legis/Law.aspx?d=112797,Assistants and deputies included
CCRP 9,https://www.legis.la.gov/legis/Law.aspx?d=112901,References to Code articles or statutory sections
CCRP 10,https://www.legis.la.gov/legis/Law.aspx?d=112316,"Article headings, source notes, and comments not part of law"
CCRP 11,https://www.legis.la.gov/legis/Law.aspx?d=112323,Clerical and typographical errors disregarded
CCRP 12,https://www.legis.la.gov/legis/Law.aspx?d=112324,Pleading a statute
CCRP 13,https://www.legis.la.gov/legis/Law.aspx?d=112325,Computation of time
CCRP 14,https://www.legis.la.gov/legis/Law.aspx?d=112327,Oath or affirmation in criminal proceedings; witness
CCRP 14.1,https://www.legis.la.gov/legis/Law.aspx?d=112328,Filing of pleadings and documents by facsimile or electronic transmission
CCRP 15,https://www.legis.la.gov/legis/Law.aspx?d=112329,Courts to which applicable; military not affected
CCRP 16,https://www.legis.la.gov/legis/Law.aspx?d=112330,Jurisdiction and powers of courts
CCRP 17,https://www.legis.la.gov/legis/Law.aspx?d=112339,Inherent power and authority of courts
CCRP 18,https://www.legis.la.gov/legis/Law.aspx?d=112340,Adoption of local rules of court
CCRP 19,https://www.legis.la.gov/legis/Law.aspx?d=112341,Special sessions of court
CCRP 20,https://www.legis.la.gov/legis/Law.aspx?d=112343,Contempt of court; kinds of contempt
CCRP 21,https://www.legis.la.gov/legis/Law.aspx?d=112353,Direct contempt
CCRP 22,https://www.legis.la.gov/legis/Law.aspx?d=112371,Procedure for punishing direct contempt
CCRP 22.1,https://www.legis.la.gov/legis/Law.aspx?d=112372,Direct contempt; fingerprinting and photographing; exceptions
CCRP 23,https://www.legis.la.gov/legis/Law.aspx?d=112386,Constructive contempt
CCRP 24,https://www.legis.la.gov/legis/Law.aspx?d=112392,Procedure for punishing constructive contempt
CCRP 25,https://www.legis.la.gov/legis/Law.aspx?d=112393,Penalties for contempt
CCRP 25.1,https://www.legis.la.gov/legis/Law.aspx?d=507411,Appointment of interpreter for non-English-speaking persons
CCRP 26,https://www.legis.la.gov/legis/Law.aspx?d=112394,Power to order peace bonds
CCRP 27,https://www.legis.la.gov/legis/Law.aspx?d=112404,Application for peace bond; examination
CCRP 28,https://www.legis.la.gov/legis/Law.aspx?d=112415,Issuance of summons or warrant of arrest
CCRP 29,https://www.legis.la.gov/legis/Law.aspx?d=112417,Peace bond hearing; costs
CCRP 30,https://www.legis.la.gov/legis/Law.aspx?d=112427,The peace bond
CCRP 31,https://www.legis.la.gov/legis/Law.aspx?d=112428,Failure to give peace bond; effect
CCRP 32,https://www.legis.la.gov/legis/Law.aspx?d=112438,Forfeiture of peace bond
CCRP 33,https://www.legis.la.gov/legis/Law.aspx?d=112451,Automatic discharge
CCRP 61,https://www.legis.la.gov/legis/Law.aspx?d=112643,District attorney; powers and duties
CCRP 62,https://www.legis.la.gov/legis/Law.aspx?d=112649,Authority of attorney general; supervision of district attorney
CCRP 63,https://www.legis.la.gov/legis/Law.aspx?d=112658,District attorney; assistance of other counsel
CCRP 64,https://www.legis.la.gov/legis/Law.aspx?d=112659,Relationship of district attorney with grand jury
CCRP 65,https://www.legis.la.gov/legis/Law.aspx?d=112671,Defense of prosecution unlawful
CCRP 66,https://www.legis.la.gov/legis/Law.aspx?d=112685,Subpoena of witness to appear before attorney general and district attorney
CCRP 67,https://www.legis.la.gov/legis/Law.aspx?d=112688,"Repealed by Acts 1999, No. 718, 1."
CCRP 101,https://www.legis.la.gov/legis/Law.aspx?d=112317,Abolition of coroner's jury and inquest; investigation by coroner
CCRP 102,https://www.legis.la.gov/legis/Law.aspx?d=112318,Autopsy
CCRP 103,https://www.legis.la.gov/legis/Law.aspx?d=112319,Subpoena of witnesses; testimony; subpoena duces tecum; issuance
CCRP 104,https://www.legis.la.gov/legis/Law.aspx?d=112320,Employment of expert assistants
CCRP 105,https://www.legis.la.gov/legis/Law.aspx?d=112321,Coroner's report; admissibility in evidence
CCRP 106,https://www.legis.la.gov/legis/Law.aspx?d=112322,Arrest of criminal suspect
CCRP 131,https://www.legis.la.gov/legis/Law.aspx?d=112326,Duties and powers
CCRP 161,https://www.legis.la.gov/legis/Law.aspx?d=112331,Property subject to seizure
CCRP 162,https://www.legis.la.gov/legis/Law.aspx?d=112332,Issuance of warrant; affidavit; description
CCRP 162.1,https://www.legis.la.gov/legis/Law.aspx?d=112333,Warrant issued upon oral testimony
CCRP 162.2,https://www.legis.la.gov/legis/Law.aspx?d=813863,Warrant issued upon electronic testimony
CCRP 162.3,https://www.legis.la.gov/legis/Law.aspx?d=1238743,No-knock warrant
CCRP 162.4,https://www.legis.la.gov/legis/Law.aspx?d=1293372,Search of a person's place of residence; odor of marijuana
CCRP 163,https://www.legis.la.gov/legis/Law.aspx?d=112334,Officer to whom directed; time for execution; electronic devices
CCRP 163.1,https://www.legis.la.gov/legis/Law.aspx?d=321809,Search of a person for bodily samples; warrants; execution
CCRP 163.2,https://www.legis.la.gov/legis/Law.aspx?d=1293385,Search warrant for medical records
CCRP 164,https://www.legis.la.gov/legis/Law.aspx?d=112335,Means and force in executing warrant
CCRP 165,https://www.legis.la.gov/legis/Law.aspx?d=112336,Authority of peace officer in executing a search warrant
CCRP 166,https://www.legis.la.gov/legis/Law.aspx?d=112337,Receipt for seized property
CCRP 167,https://www.legis.la.gov/legis/Law.aspx?d=112338,Custody of seized property; disposition
CCRP 201,https://www.legis.la.gov/legis/Law.aspx?d=112344,Arrest defined
CCRP 202,https://www.legis.la.gov/legis/Law.aspx?d=112345,Warrant of arrest; issuance
CCRP 203,https://www.legis.la.gov/legis/Law.aspx?d=112346,Form and contents of warrant
CCRP 204,https://www.legis.la.gov/legis/Law.aspx?d=112347,Execution of warrant
CCRP 205,https://www.legis.la.gov/legis/Law.aspx?d=112348,Effective period
CCRP 206,https://www.legis.la.gov/legis/Law.aspx?d=112349,Procedure when warrant defective
CCRP 207,https://www.legis.la.gov/legis/Law.aspx?d=112350,Procedure when arrest made for offense triable in another parish
CCRP 208,https://www.legis.la.gov/legis/Law.aspx?d=112351,Summons; defined
CCRP 209,https://www.legis.la.gov/legis/Law.aspx?d=112352,When summons may be issued by magistrate
CCRP 210,https://www.legis.la.gov/legis/Law.aspx?d=112354,Service of summons
CCRP 211,https://www.legis.la.gov/legis/Law.aspx?d=112355,Summons by officer instead of arrest and booking
CCRP 211.1,https://www.legis.la.gov/legis/Law.aspx?d=112356,Persons with outstanding warrant; arrest or release of person
CCRP 211.2,https://www.legis.la.gov/legis/Law.aspx?d=112357,Contempt; attachment of arrest for failing to appear; summons by peace officer instead of arrest
CCRP 211.3,https://www.legis.la.gov/legis/Law.aspx?d=112358,Summons by officer instead of arrest and booking; improper supervision of a minor by parent or legal guardian
CCRP 211.4,https://www.legis.la.gov/legis/Law.aspx?d=112359,"Repealed by Acts 2011, No. 403, ยง2."
CCRP 211.5,https://www.legis.la.gov/legis/Law.aspx?d=507412,"Repealed by Acts 2011, No. 403, ยง2."
CCRP 211.6,https://www.legis.la.gov/legis/Law.aspx?d=507413,"Repealed by Acts 2011, No. 403, ยง2."
CCRP 212,https://www.legis.la.gov/legis/Law.aspx?d=112360,"Securing jurisdiction over corporation, partnership, or other unincorporated association"
CCRP 213,https://www.legis.la.gov/legis/Law.aspx?d=112361,Arrest by officer without warrant; when lawful
CCRP 214,https://www.legis.la.gov/legis/Law.aspx?d=112362,Arrest by private person; when lawful
CCRP 215,https://www.legis.la.gov/legis/Law.aspx?d=112363,Detention and arrest of shoplifters
CCRP 215.1,https://www.legis.la.gov/legis/Law.aspx?d=112364,Temporary questioning of persons in public places; frisk and search for weapons
CCRP 215.2,https://www.legis.la.gov/legis/Law.aspx?d=112365,Detaining of persons on premises of correctional institution for questioning about contraband; detention for arrest
CCRP 216,https://www.legis.la.gov/legis/Law.aspx?d=112366,Time and place of making arrest
CCRP 217,https://www.legis.la.gov/legis/Law.aspx?d=112367,Method of arrest by officer under warrant
CCRP 218,https://www.legis.la.gov/legis/Law.aspx?d=112368,Method of arrest without warrant
CCRP 218.1,https://www.legis.la.gov/legis/Law.aspx?d=112369,Advice of reasons for arrest or detention and of rights
CCRP 219,https://www.legis.la.gov/legis/Law.aspx?d=112370,Officer may summon assistance
CCRP 220,https://www.legis.la.gov/legis/Law.aspx?d=112373,Submission to arrest; use of force
CCRP 221,https://www.legis.la.gov/legis/Law.aspx?d=112374,Blood and saliva testing
CCRP 222,https://www.legis.la.gov/legis/Law.aspx?d=112375,"Blood and saliva testing; expedited, nonincriminating procedure"
CCRP 223,https://www.legis.la.gov/legis/Law.aspx?d=1238744,Identification of minor or dependent children upon arrest; required inquiry; guidelines
CCRP 224,https://www.legis.la.gov/legis/Law.aspx?d=112376,Forcible entry in making arrest
CCRP 225,https://www.legis.la.gov/legis/Law.aspx?d=112377,Duty of peace officer as to weapons and incriminating articles
CCRP 226,https://www.legis.la.gov/legis/Law.aspx?d=112378,Duty of private person after making arrest
CCRP 227,https://www.legis.la.gov/legis/Law.aspx?d=112379,Rearrest after escape
CCRP 227.1,https://www.legis.la.gov/legis/Law.aspx?d=112380,Prevention of escape; use of force
CCRP 228,https://www.legis.la.gov/legis/Law.aspx?d=112381,"Booking of arrested person, submission of booking information summary"
CCRP 228.1,https://www.legis.la.gov/legis/Law.aspx?d=112382,Disposal of property of prisoners; Orleans Parish
CCRP 228.2,https://www.legis.la.gov/legis/Law.aspx?d=112383,Disposal of property of prisoners; Orleans Parish excepted
CCRP 228.3,https://www.legis.la.gov/legis/Law.aspx?d=112384,Disposal of unclaimed property seized in any criminal investigation; Orleans Parish excepted
CCRP 228.4,https://www.legis.la.gov/legis/Law.aspx?d=725115,Disposal of noncontraband unclaimed property seized in criminal investigations
CCRP 229,https://www.legis.la.gov/legis/Law.aspx?d=112385,Duties of officer in charge
CCRP 230,https://www.legis.la.gov/legis/Law.aspx?d=112387,Rights of person arrested
CCRP 230.1,https://www.legis.la.gov/legis/Law.aspx?d=112388,Maximum time for appearance before judge for the purpose of appointment of counsel; court discretion to fix bail at the appearance; extension of time limit for cause; effect of failure of appearance
CCRP 230.2,https://www.legis.la.gov/legis/Law.aspx?d=112389,Probable cause determinations; persons arrested without a warrant and continued in custody; bail
CCRP 231,https://www.legis.la.gov/legis/Law.aspx?d=112390,Close pursuit of person from another state; authority to arrest
CCRP 232,https://www.legis.la.gov/legis/Law.aspx?d=112391,Same; arrested person taken before judge for hearing
CCRP 233,https://www.legis.la.gov/legis/Law.aspx?d=725117,Electronic signature of offender; requirements
CCRP 234,https://www.legis.la.gov/legis/Law.aspx?d=1293386,Booking photographs
CCRP 251,https://www.legis.la.gov/legis/Law.aspx?d=1106478,Legislative intent
CCRP 252,https://www.legis.la.gov/legis/Law.aspx?d=1106481,Definitions
CCRP 253,https://www.legis.la.gov/legis/Law.aspx?d=1106482,Eyewitness identification procedures
CCRP 261,https://www.legis.la.gov/legis/Law.aspx?d=112395,Special definitions
CCRP 262,https://www.legis.la.gov/legis/Law.aspx?d=112396,Extradition of wanted criminals
CCRP 262.1,https://www.legis.la.gov/legis/Law.aspx?d=206085,Extradition of persons not physically present in demanding state at the time of commission of crime
CCRP 263,https://www.legis.la.gov/legis/Law.aspx?d=112397,Form of demand for extradition; necessary papers
CCRP 264,https://www.legis.la.gov/legis/Law.aspx?d=112398,Investigation of demand by governor
CCRP 265,https://www.legis.la.gov/legis/Law.aspx?d=112399,Governor's warrant; issuance and recitals
CCRP 266,https://www.legis.la.gov/legis/Law.aspx?d=112400,Governor's warrant; execution and recall
CCRP 267,https://www.legis.la.gov/legis/Law.aspx?d=112401,Rights of accused; extradition hearing
CCRP 268,https://www.legis.la.gov/legis/Law.aspx?d=112402,Issues at extradition hearing; resulting orders
CCRP 269,https://www.legis.la.gov/legis/Law.aspx?d=112403,Arrest prior to demand for extradition; issuance of warrant
CCRP 270,https://www.legis.la.gov/legis/Law.aspx?d=112405,Commitment to await extradition
CCRP 271,https://www.legis.la.gov/legis/Law.aspx?d=112406,Bail in extradition cases
CCRP 272,https://www.legis.la.gov/legis/Law.aspx?d=112407,Persons under criminal prosecution or sentence in this state at time of requisition
CCRP 273,https://www.legis.la.gov/legis/Law.aspx?d=112408,Waiver of extradition proceedings
CCRP 274,https://www.legis.la.gov/legis/Law.aspx?d=112409,Application for issuance of requisition
CCRP 275,https://www.legis.la.gov/legis/Law.aspx?d=112410,Application for return of wanted fugitive
CCRP 276,https://www.legis.la.gov/legis/Law.aspx?d=112411,Documents to be filed with application for requisition
CCRP 277,https://www.legis.la.gov/legis/Law.aspx?d=112412,Appointment of agents to receive prisoner
CCRP 278,https://www.legis.la.gov/legis/Law.aspx?d=112413,Re-extradition agreements
CCRP 279,https://www.legis.la.gov/legis/Law.aspx?d=112414,Extradition costs and expenses
CCRP 280,https://www.legis.la.gov/legis/Law.aspx?d=112416,Immunity of extradited person from service of process in civil actions
CCRP 281,https://www.legis.la.gov/legis/Law.aspx?d=190984,No right of asylum or immunity from other criminal prosecutions
CCRP 291,https://www.legis.la.gov/legis/Law.aspx?d=112418,Authority to conduct preliminary examinations
CCRP 292,https://www.legis.la.gov/legis/Law.aspx?d=112419,Order for preliminary examination before and after indictment
CCRP 293,https://www.legis.la.gov/legis/Law.aspx?d=112420,Time for examination; procurement of counsel
CCRP 294,https://www.legis.la.gov/legis/Law.aspx?d=112421,Examination of witnesses; transcript of testimony
CCRP 295,https://www.legis.la.gov/legis/Law.aspx?d=112422,Admissibility of transcripts in other proceedings
CCRP 296,https://www.legis.la.gov/legis/Law.aspx?d=112423,Scope of preliminary examination before and after indictment
CCRP 297,https://www.legis.la.gov/legis/Law.aspx?d=112424,Transmission of transcripts and other evidence
CCRP 298,https://www.legis.la.gov/legis/Law.aspx?d=112425,Effect of informality in proceedings
CCRP 311,https://www.legis.la.gov/legis/Law.aspx?d=112429,Definitions
CCRP 312,https://www.legis.la.gov/legis/Law.aspx?d=112430,Right to bail before and after conviction
CCRP 313,https://www.legis.la.gov/legis/Law.aspx?d=112431,Gwen's Law; bail hearings; detention without bail
CCRP 313.1,https://www.legis.la.gov/legis/Law.aspx?d=1015265,Detention of noncitizen defendant pending bail hearing
CCRP 314,https://www.legis.la.gov/legis/Law.aspx?d=112432,Authority to fix bail; bail order
CCRP 315,https://www.legis.la.gov/legis/Law.aspx?d=112433,Schedules of bail
CCRP 316,https://www.legis.la.gov/legis/Law.aspx?d=112434,Factors in fixing amount of bail
CCRP 317,https://www.legis.la.gov/legis/Law.aspx?d=112435,Organization performing or providing pretrial services
CCRP 318,https://www.legis.la.gov/legis/Law.aspx?d=112436,Juvenile records in fixing bail
CCRP 319,https://www.legis.la.gov/legis/Law.aspx?d=112437,Modifications of bail
CCRP 320,https://www.legis.la.gov/legis/Law.aspx?d=112439,Conditions of bail undertaking
CCRP 321,https://www.legis.la.gov/legis/Law.aspx?d=112440,Types of bail; restrictions
CCRP 322,https://www.legis.la.gov/legis/Law.aspx?d=112441,Commercial surety
CCRP 323,https://www.legis.la.gov/legis/Law.aspx?d=112442,Secured personal surety
CCRP 324,https://www.legis.la.gov/legis/Law.aspx?d=112443,Unsecured personal surety
CCRP 325,https://www.legis.la.gov/legis/Law.aspx?d=112444,Bail without surety
CCRP 325.1,https://www.legis.la.gov/legis/Law.aspx?d=112445,"Repealed by Acts 1983, No. 256, 1."
CCRP 326,https://www.legis.la.gov/legis/Law.aspx?d=112446,Cash deposits
CCRP 327,https://www.legis.la.gov/legis/Law.aspx?d=112447,Those who may not be sureties
CCRP 327.1,https://www.legis.la.gov/legis/Law.aspx?d=112448,Repealed
CCRP 328,https://www.legis.la.gov/legis/Law.aspx?d=112449,Bail undertaking
CCRP 329,https://www.legis.la.gov/legis/Law.aspx?d=112450,Declaration of residence; waiver of notice
CCRP 330,https://www.legis.la.gov/legis/Law.aspx?d=112452,Notice of defendant's required appearance
CCRP 330.1,https://www.legis.la.gov/legis/Law.aspx?d=112453,Posting bail when arrested outside of originating jurisdiction
CCRP 330.2,https://www.legis.la.gov/legis/Law.aspx?d=321810,Repealed
CCRP 330.3,https://www.legis.la.gov/legis/Law.aspx?d=919629,Repealed
CCRP 331,https://www.legis.la.gov/legis/Law.aspx?d=112454,Discharge of bail obligation
CCRP 332,https://www.legis.la.gov/legis/Law.aspx?d=112455,Court order for arrest of defendant
CCRP 333,https://www.legis.la.gov/legis/Law.aspx?d=112456,Failure to appear; issuance of arrest warrant
CCRP 334,https://www.legis.la.gov/legis/Law.aspx?d=112457,Notice of warrant of arrest
CCRP 334.1,https://www.legis.la.gov/legis/Law.aspx?d=408631,Repealed
CCRP 334.2,https://www.legis.la.gov/legis/Law.aspx?d=507414,Repealed
CCRP 334.3,https://www.legis.la.gov/legis/Law.aspx?d=507415,Repealed
CCRP 334.4,https://www.legis.la.gov/legis/Law.aspx?d=813866,Repealed
CCRP 334.5,https://www.legis.la.gov/legis/Law.aspx?d=813867,Repealed
CCRP 334.6,https://www.legis.la.gov/legis/Law.aspx?d=859202,Repealed
CCRP 335,https://www.legis.la.gov/legis/Law.aspx?d=112458,Repealed
CCRP 335.1,https://www.legis.la.gov/legis/Law.aspx?d=112459,Repealed
CCRP 335.2,https://www.legis.la.gov/legis/Law.aspx?d=813865,Repealed
CCRP 336,https://www.legis.la.gov/legis/Law.aspx?d=112460,Proof necessary at bond forfeiture hearing
CCRP 336.1,https://www.legis.la.gov/legis/Law.aspx?d=190991,Repealed
CCRP 336.2,https://www.legis.la.gov/legis/Law.aspx?d=321811,Repealed
CCRP 337,https://www.legis.la.gov/legis/Law.aspx?d=112461,Interruption of the period for obtaining a bond forfeiture judgment
CCRP 338,https://www.legis.la.gov/legis/Law.aspx?d=112462,Cases of nonforfeiture
CCRP 339,https://www.legis.la.gov/legis/Law.aspx?d=112463,Notice of judgment
CCRP 340,https://www.legis.la.gov/legis/Law.aspx?d=112464,Recordation of judgment
CCRP 341,https://www.legis.la.gov/legis/Law.aspx?d=112465,Appeals
CCRP 342,https://www.legis.la.gov/legis/Law.aspx?d=112466,Enforcement of judgment
CCRP 343,https://www.legis.la.gov/legis/Law.aspx?d=112467,Repealed
CCRP 344,https://www.legis.la.gov/legis/Law.aspx?d=112468,Repealed
CCRP 345,https://www.legis.la.gov/legis/Law.aspx?d=112469,Repealed
CCRP 346,https://www.legis.la.gov/legis/Law.aspx?d=112470,Repealed
CCRP 347,https://www.legis.la.gov/legis/Law.aspx?d=112471,Repealed
CCRP 348,https://www.legis.la.gov/legis/Law.aspx?d=112472,Repealed
CCRP 349,https://www.legis.la.gov/legis/Law.aspx?d=725123,Repealed
CCRP 349.1,https://www.legis.la.gov/legis/Law.aspx?d=725128,Repealed
CCRP 349.2,https://www.legis.la.gov/legis/Law.aspx?d=725129,Repealed
CCRP 349.3,https://www.legis.la.gov/legis/Law.aspx?d=725136,Repealed
CCRP 349.4,https://www.legis.la.gov/legis/Law.aspx?d=725140,Repealed
CCRP 349.5,https://www.legis.la.gov/legis/Law.aspx?d=725144,Repealed
CCRP 349.6,https://www.legis.la.gov/legis/Law.aspx?d=725145,Repealed
CCRP 349.7,https://www.legis.la.gov/legis/Law.aspx?d=725146,Repealed
CCRP 349.8,https://www.legis.la.gov/legis/Law.aspx?d=725149,Repealed
CCRP 349.9,https://www.legis.la.gov/legis/Law.aspx?d=725152,Repealed
CCRP 351,https://www.legis.la.gov/legis/Law.aspx?d=112473,Habeas corpus; definition
CCRP 352,https://www.legis.la.gov/legis/Law.aspx?d=112474,Venue
CCRP 353,https://www.legis.la.gov/legis/Law.aspx?d=112475,Application for writ; form and contents
CCRP 354,https://www.legis.la.gov/legis/Law.aspx?d=112476,Granting of writ; time and place for answer
CCRP 355,https://www.legis.la.gov/legis/Law.aspx?d=112477,Persons authorized to make service; proof of service
CCRP 356,https://www.legis.la.gov/legis/Law.aspx?d=112478,Method of service
CCRP 357,https://www.legis.la.gov/legis/Law.aspx?d=112479,Answer; production of person in custody
CCRP 358,https://www.legis.la.gov/legis/Law.aspx?d=112480,Transfer of custody; answer
CCRP 359,https://www.legis.la.gov/legis/Law.aspx?d=112481,Nonproduction of person confined; justification
CCRP 360,https://www.legis.la.gov/legis/Law.aspx?d=112482,Hearing
CCRP 361,https://www.legis.la.gov/legis/Law.aspx?d=112483,Custody without court order
CCRP 362,https://www.legis.la.gov/legis/Law.aspx?d=112484,Custody with court order
CCRP 363,https://www.legis.la.gov/legis/Law.aspx?d=112485,Effect of appeal
CCRP 364,https://www.legis.la.gov/legis/Law.aspx?d=112486,New warrant; when issued
CCRP 365,https://www.legis.la.gov/legis/Law.aspx?d=112487,Burden of proof
CCRP 366,https://www.legis.la.gov/legis/Law.aspx?d=112488,Custody pendente lite
CCRP 367,https://www.legis.la.gov/legis/Law.aspx?d=112489,Rearrest after discharge
CCRP 368,https://www.legis.la.gov/legis/Law.aspx?d=112490,Disobedience of writ or judgment; contempt
CCRP 369,https://www.legis.la.gov/legis/Law.aspx?d=112491,Appeal not permitted
CCRP 370,https://www.legis.la.gov/legis/Law.aspx?d=112492,Custody pending application for writs
CCRP 381,https://www.legis.la.gov/legis/Law.aspx?d=112493,Nature of criminal prosecution
CCRP 382,https://www.legis.la.gov/legis/Law.aspx?d=112494,Methods of instituting criminal prosecutions
CCRP 383,https://www.legis.la.gov/legis/Law.aspx?d=112495,Indictment
CCRP 384,https://www.legis.la.gov/legis/Law.aspx?d=112496,Information
CCRP 385,https://www.legis.la.gov/legis/Law.aspx?d=112497,Affidavit
CCRP 386,https://www.legis.la.gov/legis/Law.aspx?d=112498,Institution of prosecution after discharge at preliminary examination; after failure of grand jury to indict
CCRP 387,https://www.legis.la.gov/legis/Law.aspx?d=962162,Additional information required when prosecuting certain offenses
CCRP 388,https://www.legis.la.gov/legis/Law.aspx?d=1335625,Additional information provided when prosecuting offenses
CCRP 401,https://www.legis.la.gov/legis/Law.aspx?d=112500,General qualifications of jurors
CCRP 401.1,https://www.legis.la.gov/legis/Law.aspx?d=112501,Court instructions for interpreter
CCRP 402,https://www.legis.la.gov/legis/Law.aspx?d=112502,"Repealed by Acts 1974, Ex.Sess., No. 20, 1, eff. January 1, 1975"
CCRP 403,https://www.legis.la.gov/legis/Law.aspx?d=112503,Exemption from jury service
CCRP 403.1,https://www.legis.la.gov/legis/Law.aspx?d=112504,Disqualification for undue hardship
CCRP 404,https://www.legis.la.gov/legis/Law.aspx?d=112505,Appointment of jury commissions; term of office; oath; quorum; performance of functions of jury commissions in certain parishes
CCRP 404.1,https://www.legis.la.gov/legis/Law.aspx?d=112506,"Powers, duties, and functions of the board of jury commissioners in Orleans Parish"
CCRP 405,https://www.legis.la.gov/legis/Law.aspx?d=112507,Notice of jury commission meetings
CCRP 406,https://www.legis.la.gov/legis/Law.aspx?d=112508,Powers of jury commission; penalty for disobedience of commission process
CCRP 407,https://www.legis.la.gov/legis/Law.aspx?d=112509,Administration of oath to witnesses
CCRP 408,https://www.legis.la.gov/legis/Law.aspx?d=112510,Selection of general venire in parishes other than Orleans
CCRP 408.1,https://www.legis.la.gov/legis/Law.aspx?d=112511,Initial selection of general venire; source
CCRP 409,https://www.legis.la.gov/legis/Law.aspx?d=112512,Selection of general venire in Orleans Parish
CCRP 409.1,https://www.legis.la.gov/legis/Law.aspx?d=112513,Orleans parish central jury pool
CCRP 409.2,https://www.legis.la.gov/legis/Law.aspx?d=112514,Jefferson Parish central jury pool
CCRP 409.3,https://www.legis.la.gov/legis/Law.aspx?d=112515,Central jury pools; local rules
CCRP 409.4,https://www.legis.la.gov/legis/Law.aspx?d=112516,Nineteenth Judicial District Court central jury pool
CCRP 409.5,https://www.legis.la.gov/legis/Law.aspx?d=112517,One day/one trial jury system
CCRP 410,https://www.legis.la.gov/legis/Law.aspx?d=112518,Revising and supplementing the general venire
CCRP 411,https://www.legis.la.gov/legis/Law.aspx?d=112519,Drawing of grand jury venire; disposition of slips; jury box; subpoena of persons on grand jury venire
CCRP 412,https://www.legis.la.gov/legis/Law.aspx?d=112520,Repealed
CCRP 413,https://www.legis.la.gov/legis/Law.aspx?d=112521,Method of impaneling of grand jury; selection of foreman
CCRP 414,https://www.legis.la.gov/legis/Law.aspx?d=112522,Time for impaneling grand juries; period of service
CCRP 415,https://www.legis.la.gov/legis/Law.aspx?d=112523,Method of filling vacancies on grand jury
CCRP 415.1,https://www.legis.la.gov/legis/Law.aspx?d=112524,Selection of additional grand juries
CCRP 415.2,https://www.legis.la.gov/legis/Law.aspx?d=112525,Duration of additional grand juries; extension of impanelment
CCRP 416,https://www.legis.la.gov/legis/Law.aspx?d=112526,Drawing petit jury venire in parishes other than Orleans; term of service
CCRP 416.1,https://www.legis.la.gov/legis/Law.aspx?d=112527,One-step qualification/summoning
CCRP 417,https://www.legis.la.gov/legis/Law.aspx?d=112528,Proces verbal; summoning of petit jurors; parishes other than Orleans
CCRP 418,https://www.legis.la.gov/legis/Law.aspx?d=112529,Drawing petit jury venire in Orleans parish; number chosen; term of service; petit jury venire list
CCRP 419,https://www.legis.la.gov/legis/Law.aspx?d=112530,Challenge of venire not permitted except for fraud or irreparable injury or systematic exclusion based on race
CCRP 431,https://www.legis.la.gov/legis/Law.aspx?d=112531,Oath of grand jury
CCRP 432,https://www.legis.la.gov/legis/Law.aspx?d=112532,Charge to grand jury
CCRP 433,https://www.legis.la.gov/legis/Law.aspx?d=112533,Persons present during grand jury sessions
CCRP 434,https://www.legis.la.gov/legis/Law.aspx?d=112534,Secrecy of grand jury meetings; procedures for crimes in other parishes
CCRP 434.1,https://www.legis.la.gov/legis/Law.aspx?d=813868,Exceptions to grand jury secrecy
CCRP 435,https://www.legis.la.gov/legis/Law.aspx?d=112535,Meetings of grand jury
CCRP 436,https://www.legis.la.gov/legis/Law.aspx?d=112536,The foreman; rules of procedure
CCRP 437,https://www.legis.la.gov/legis/Law.aspx?d=112537,Inquiry into offenses; authority and duties
CCRP 438,https://www.legis.la.gov/legis/Law.aspx?d=112538,Duty of grand juror having knowledge of offense; investigation
CCRP 439,https://www.legis.la.gov/legis/Law.aspx?d=112539,Subpoena of witnesses to appear before the grand jury
CCRP 439.1,https://www.legis.la.gov/legis/Law.aspx?d=112540,Witnesses; authority to compel testimony and evidence
CCRP 440,https://www.legis.la.gov/legis/Law.aspx?d=112541,Administration of oath to witnesses
CCRP 441,https://www.legis.la.gov/legis/Law.aspx?d=112542,Administration of oath to other persons
CCRP 442,https://www.legis.la.gov/legis/Law.aspx?d=112543,Evidence to be received by grand jury
CCRP 443,https://www.legis.la.gov/legis/Law.aspx?d=112544,When indictment to be found
CCRP 444,https://www.legis.la.gov/legis/Law.aspx?d=112545,Action by grand jury
CCRP 461,https://www.legis.la.gov/legis/Law.aspx?d=112546,Special definitions
CCRP 462,https://www.legis.la.gov/legis/Law.aspx?d=112547,Form of grand jury indictment
CCRP 463,https://www.legis.la.gov/legis/Law.aspx?d=112548,Form of information
CCRP 464,https://www.legis.la.gov/legis/Law.aspx?d=112549,Nature and contents of indictment
CCRP 465,https://www.legis.la.gov/legis/Law.aspx?d=112550,Specific indictment forms
CCRP 466,https://www.legis.la.gov/legis/Law.aspx?d=112551,Name of defendant
CCRP 467,https://www.legis.la.gov/legis/Law.aspx?d=112552,"Naming corporation, partnership or other unincorporated association"
CCRP 468,https://www.legis.la.gov/legis/Law.aspx?d=112553,Date and time
CCRP 469,https://www.legis.la.gov/legis/Law.aspx?d=112554,Venue and place
CCRP 470,https://www.legis.la.gov/legis/Law.aspx?d=112555,"Value, price, or damage"
CCRP 471,https://www.legis.la.gov/legis/Law.aspx?d=112556,Ownership
CCRP 472,https://www.legis.la.gov/legis/Law.aspx?d=112557,General intent
CCRP 473,https://www.legis.la.gov/legis/Law.aspx?d=112558,Identification of victim
CCRP 474,https://www.legis.la.gov/legis/Law.aspx?d=112559,Property described as money
CCRP 475,https://www.legis.la.gov/legis/Law.aspx?d=112560,Description of written instruments and printed objects
CCRP 476,https://www.legis.la.gov/legis/Law.aspx?d=112561,Description of spoken or written matter
CCRP 477,https://www.legis.la.gov/legis/Law.aspx?d=112562,Meaning of words and phrases
CCRP 478,https://www.legis.la.gov/legis/Law.aspx?d=112563,Judgments and other determinations
CCRP 479,https://www.legis.la.gov/legis/Law.aspx?d=112564,Exceptions
CCRP 480,https://www.legis.la.gov/legis/Law.aspx?d=112565,Conjunctive charging
CCRP 481,https://www.legis.la.gov/legis/Law.aspx?d=112566,Theft
CCRP 482,https://www.legis.la.gov/legis/Law.aspx?d=112567,Alternative offenses; special joinder rules
CCRP 483,https://www.legis.la.gov/legis/Law.aspx?d=112568,Allegations of prior convictions
CCRP 484,https://www.legis.la.gov/legis/Law.aspx?d=112569,Bill of particulars
CCRP 485,https://www.legis.la.gov/legis/Law.aspx?d=112570,Effect of inconsistent or limiting allegations of bill of particulars
CCRP 486,https://www.legis.la.gov/legis/Law.aspx?d=112571,Repugnancy; surplusage
CCRP 487,https://www.legis.la.gov/legis/Law.aspx?d=112572,Defective indictment; amendment
CCRP 487.1,https://www.legis.la.gov/legis/Law.aspx?d=112573,Indictment for driving while intoxicated; amendment
CCRP 488,https://www.legis.la.gov/legis/Law.aspx?d=112574,Variances; amendment
CCRP 489,https://www.legis.la.gov/legis/Law.aspx?d=112575,Continuance where amendment prejudicial
CCRP 490,https://www.legis.la.gov/legis/Law.aspx?d=112576,Counts
CCRP 491,https://www.legis.la.gov/legis/Law.aspx?d=112577,"Arts. 491, 492 Repealed by Acts 1975, No. 528, 1"
CCRP 493,https://www.legis.la.gov/legis/Law.aspx?d=112578,Joinder of offenses
CCRP 493.1,https://www.legis.la.gov/legis/Law.aspx?d=112579,Joinder of misdemeanors; penalties
CCRP 493.2,https://www.legis.la.gov/legis/Law.aspx?d=112580,Joinder of felonies; mode of trial
CCRP 494,https://www.legis.la.gov/legis/Law.aspx?d=112581,Joinder of defendants
CCRP 495,https://www.legis.la.gov/legis/Law.aspx?d=112582,Objections to misjoinder
CCRP 495.1,https://www.legis.la.gov/legis/Law.aspx?d=112583,Severance of offenses
CCRP 496,https://www.legis.la.gov/legis/Law.aspx?d=112584,Warrant of arrest on indictment or information
CCRP 497,https://www.legis.la.gov/legis/Law.aspx?d=112585,Summons in misdemeanor cases
CCRP 498,https://www.legis.la.gov/legis/Law.aspx?d=112586,Copy of indictment or information
CCRP 499,https://www.legis.la.gov/legis/Law.aspx?d=112587,AIDS testing of the accused
CCRP 511,https://www.legis.la.gov/legis/Law.aspx?d=112589,Right to counsel
CCRP 512,https://www.legis.la.gov/legis/Law.aspx?d=112590,Assignment of counsel in capital cases
CCRP 513,https://www.legis.la.gov/legis/Law.aspx?d=112591,Assignment of counsel in other cases
CCRP 514,https://www.legis.la.gov/legis/Law.aspx?d=112592,Minute entry regarding counsel
CCRP 515,https://www.legis.la.gov/legis/Law.aspx?d=112593,Substitution of counsel
CCRP 516,https://www.legis.la.gov/legis/Law.aspx?d=112594,Belated pleas and motions; when authorized
CCRP 517,https://www.legis.la.gov/legis/Law.aspx?d=112595,Joint representation of co-defendants; duty of court
CCRP 521,https://www.legis.la.gov/legis/Law.aspx?d=112596,Time for filing of pretrial motions
CCRP 522,https://www.legis.la.gov/legis/Law.aspx?d=112597,Hearings on motions; audio-visual appearance
CCRP 523,https://www.legis.la.gov/legis/Law.aspx?d=725167,Notice for hearing of pretrial motions; dismissal
CCRP 531,https://www.legis.la.gov/legis/Law.aspx?d=112598,Motion to quash; nature of motion
CCRP 532,https://www.legis.la.gov/legis/Law.aspx?d=112599,General grounds for motion to quash
CCRP 533,https://www.legis.la.gov/legis/Law.aspx?d=112600,Special grounds for motion to quash grand jury indictment
CCRP 534,https://www.legis.la.gov/legis/Law.aspx?d=112601,Special grounds for motion to quash information
CCRP 535,https://www.legis.la.gov/legis/Law.aspx?d=112602,Time to file motion to quash
CCRP 536,https://www.legis.la.gov/legis/Law.aspx?d=112603,Form and contents of motion to quash; place to file
CCRP 537,https://www.legis.la.gov/legis/Law.aspx?d=112604,Trial of issues arising on motion to quash
CCRP 538,https://www.legis.la.gov/legis/Law.aspx?d=112605,Effect of sustaining motion to quash
CCRP 551,https://www.legis.la.gov/legis/Law.aspx?d=112606,Arraignment of defendant
CCRP 551.1,https://www.legis.la.gov/legis/Law.aspx?d=112607,Substitution of railroad defendant at arraignment
CCRP 552,https://www.legis.la.gov/legis/Law.aspx?d=112608,Pleas at the arraignment
CCRP 553,https://www.legis.la.gov/legis/Law.aspx?d=112609,Method of pleading
CCRP 554,https://www.legis.la.gov/legis/Law.aspx?d=112610,Effect of failure to plead
CCRP 555,https://www.legis.la.gov/legis/Law.aspx?d=112611,Waivers
CCRP 556,https://www.legis.la.gov/legis/Law.aspx?d=112612,Plea of guilty or nolo contendere in misdemeanor cases; duty of court
CCRP 556.1,https://www.legis.la.gov/legis/Law.aspx?d=112613,Plea of guilty or nolo contendere in felony cases; duties of the court and defense counsel
CCRP 557,https://www.legis.la.gov/legis/Law.aspx?d=112614,Plea of guilty in capital cases
CCRP 558,https://www.legis.la.gov/legis/Law.aspx?d=112615,Plea of guilty of lesser included offense
CCRP 558.1,https://www.legis.la.gov/legis/Law.aspx?d=112616,Adjudication of not guilty by reason of insanity
CCRP 559,https://www.legis.la.gov/legis/Law.aspx?d=112617,Withdrawal or setting aside of plea of guilty
CCRP 560,https://www.legis.la.gov/legis/Law.aspx?d=112618,Change of plea of not guilty to guilty
CCRP 561,https://www.legis.la.gov/legis/Law.aspx?d=112619,"Change of plea of ""not guilty"" to ""not guilty and not guilty by reason of insanity"""
CCRP 562,https://www.legis.la.gov/legis/Law.aspx?d=1054258,Use of simultaneous audio-visual transmission for certain proceedings
CCRP 571,https://www.legis.la.gov/legis/Law.aspx?d=112620,Crimes for which there is no time limitation
CCRP 571.1,https://www.legis.la.gov/legis/Law.aspx?d=112621,Time limitation for certain sex offenses
CCRP 572,https://www.legis.la.gov/legis/Law.aspx?d=112622,Limitation of prosecution of noncapital offenses
CCRP 573,https://www.legis.la.gov/legis/Law.aspx?d=112623,Running of time limitations; exception
CCRP 573.1,https://www.legis.la.gov/legis/Law.aspx?d=725168,Running of time limitations; exception; persons with infirmities
CCRP 573.2,https://www.legis.la.gov/legis/Law.aspx?d=1015527,Running of time limitations; exception; video voyeurism
CCRP 573.3,https://www.legis.la.gov/legis/Law.aspx?d=1106483,Running of time limitations; exception; crimes against the Firefighters' Retirement System
CCRP 574,https://www.legis.la.gov/legis/Law.aspx?d=112624,Conviction and punishment for lesser offenses; limitations applicable
CCRP 575,https://www.legis.la.gov/legis/Law.aspx?d=112625,Interruption of time limitations
CCRP 575.1,https://www.legis.la.gov/legis/Law.aspx?d=1106484,Suspension of time limitations; crimes against the Firefighters' Retirement System
CCRP 576,https://www.legis.la.gov/legis/Law.aspx?d=112626,Filing of new charges upon dismissal of prosecution
CCRP 577,https://www.legis.la.gov/legis/Law.aspx?d=112627,Pleading of limitation; burden of proof
CCRP 578,https://www.legis.la.gov/legis/Law.aspx?d=112628,General rule
CCRP 579,https://www.legis.la.gov/legis/Law.aspx?d=112629,Interruption of time limitation
CCRP 580,https://www.legis.la.gov/legis/Law.aspx?d=112630,Suspension of time limitations
CCRP 581,https://www.legis.la.gov/legis/Law.aspx?d=112631,Expiration of limitations; motion to quash; effect
CCRP 582,https://www.legis.la.gov/legis/Law.aspx?d=112632,Time limitations; effect of new trial
CCRP 583,https://www.legis.la.gov/legis/Law.aspx?d=112633,Interruption of time limitation where new trial
CCRP 591,https://www.legis.la.gov/legis/Law.aspx?d=112634,Double jeopardy; definition
CCRP 592,https://www.legis.la.gov/legis/Law.aspx?d=112635,When jeopardy begins
CCRP 593,https://www.legis.la.gov/legis/Law.aspx?d=112636,Method of pleading
CCRP 594,https://www.legis.la.gov/legis/Law.aspx?d=112637,Method of trial; time for disposition
CCRP 595,https://www.legis.la.gov/legis/Law.aspx?d=112638,Double jeopardy; when not applicable
CCRP 596,https://www.legis.la.gov/legis/Law.aspx?d=112639,Requirements for double jeopardy
CCRP 597,https://www.legis.la.gov/legis/Law.aspx?d=112640,Prosecution in other jurisdiction
CCRP 598,https://www.legis.la.gov/legis/Law.aspx?d=112641,Effect of verdict
CCRP 611,https://www.legis.la.gov/legis/Law.aspx?d=112644,Venue; trial where offense committed
CCRP 612,https://www.legis.la.gov/legis/Law.aspx?d=112645,"Offenses on railway trains, vessels, aircraft, or other vehicles"
CCRP 613,https://www.legis.la.gov/legis/Law.aspx?d=112646,Jurisdiction of court where body of water is parish boundary
CCRP 614,https://www.legis.la.gov/legis/Law.aspx?d=112647,Venue where offense committed within one hundred feet of parish boundary
CCRP 615,https://www.legis.la.gov/legis/Law.aspx?d=112648,Improper venue; pleading
CCRP 621,https://www.legis.la.gov/legis/Law.aspx?d=112650,Motion; form; time for filing
CCRP 622,https://www.legis.la.gov/legis/Law.aspx?d=112651,Grounds for change of venue
CCRP 623,https://www.legis.la.gov/legis/Law.aspx?d=112652,Change granted; transfer
CCRP 623.1,https://www.legis.la.gov/legis/Law.aspx?d=112653,Capital cases; transfer of jury
CCRP 624,https://www.legis.la.gov/legis/Law.aspx?d=112654,Grant of change of venue; procedure
CCRP 625,https://www.legis.la.gov/legis/Law.aspx?d=112655,Transfer of defendant in custody
CCRP 626,https://www.legis.la.gov/legis/Law.aspx?d=112656,Change of venue where defendant is on bail
CCRP 627,https://www.legis.la.gov/legis/Law.aspx?d=112657,Appeals
CCRP 641,https://www.legis.la.gov/legis/Law.aspx?d=112660,Mental incapacity to proceed defined
CCRP 642,https://www.legis.la.gov/legis/Law.aspx?d=112661,How mental incapacity is raised; effect
CCRP 643,https://www.legis.la.gov/legis/Law.aspx?d=112662,Order for mental examination
CCRP 644,https://www.legis.la.gov/legis/Law.aspx?d=112663,Appointment of sanity commission; examination of defendant
CCRP 644.1,https://www.legis.la.gov/legis/Law.aspx?d=408634,Sanity proceedings for juvenile defendants transferred to criminal court
CCRP 645,https://www.legis.la.gov/legis/Law.aspx?d=112664,Report of sanity commission
CCRP 646,https://www.legis.la.gov/legis/Law.aspx?d=112665,Examination by physician retained by defense or district attorney
CCRP 647,https://www.legis.la.gov/legis/Law.aspx?d=112666,Determination of mental capacity to proceed
CCRP 648,https://www.legis.la.gov/legis/Law.aspx?d=112667,Procedure after determination of mental capacity or incapacity
CCRP 648.1,https://www.legis.la.gov/legis/Law.aspx?d=112668,Information required prior to admission
CCRP 649,https://www.legis.la.gov/legis/Law.aspx?d=112669,Procedure when capacity regained
CCRP 649.1,https://www.legis.la.gov/legis/Law.aspx?d=112670,Prescribed medication; administration
CCRP 650,https://www.legis.la.gov/legis/Law.aspx?d=112672,Mental examination after plea of insanity
CCRP 651,https://www.legis.la.gov/legis/Law.aspx?d=112673,When defense of insanity at time of offense is available; method of trial
CCRP 652,https://www.legis.la.gov/legis/Law.aspx?d=112674,Burden of proof
CCRP 653,https://www.legis.la.gov/legis/Law.aspx?d=112675,Testimony of members of sanity commission
CCRP 654,https://www.legis.la.gov/legis/Law.aspx?d=112676,Legal effect of acquittal on ground of insanity; commitment
CCRP 654.1,https://www.legis.la.gov/legis/Law.aspx?d=112677,Information required prior to admission
CCRP 655,https://www.legis.la.gov/legis/Law.aspx?d=112678,Application for discharge or release on probation; review panel
CCRP 656,https://www.legis.la.gov/legis/Law.aspx?d=112679,Additional mental examinations
CCRP 657,https://www.legis.la.gov/legis/Law.aspx?d=112680,Discharge or release; hearing
CCRP 657.1,https://www.legis.la.gov/legis/Law.aspx?d=112681,Conditional release; criteria
CCRP 657.2,https://www.legis.la.gov/legis/Law.aspx?d=112682,Conditional release; additional requirements
CCRP 658,https://www.legis.la.gov/legis/Law.aspx?d=112683,Probation; conditional release; reporting
CCRP 659,https://www.legis.la.gov/legis/Law.aspx?d=112684,Costs of mental examinations prior to commitment
CCRP 660,https://www.legis.la.gov/legis/Law.aspx?d=112686,Institutional costs after commitment
CCRP 661,https://www.legis.la.gov/legis/Law.aspx?d=112687,Progress reports; responsibility to furnish
CCRP 671,https://www.legis.la.gov/legis/Law.aspx?d=112689,Grounds for recusal of judge
CCRP 672,https://www.legis.la.gov/legis/Law.aspx?d=112690,Recusal on court's own motion
CCRP 673,https://www.legis.la.gov/legis/Law.aspx?d=112691,Judge may act until recused
CCRP 674,https://www.legis.la.gov/legis/Law.aspx?d=112692,Procedure for recusal of trial judge
CCRP 675,https://www.legis.la.gov/legis/Law.aspx?d=112693,Selection of ad hoc judge to try motion to recuse
CCRP 676,https://www.legis.la.gov/legis/Law.aspx?d=112694,Ad hoc judge to try cause when judge recused
CCRP 677,https://www.legis.la.gov/legis/Law.aspx?d=112695,Repealed
CCRP 678,https://www.legis.la.gov/legis/Law.aspx?d=112696,Recusal of ad hoc judge
CCRP 679,https://www.legis.la.gov/legis/Law.aspx?d=112697,Recusal of an appellate judge and a supreme court justice
CCRP 680,https://www.legis.la.gov/legis/Law.aspx?d=112698,Grounds for recusation of district attorney
CCRP 681,https://www.legis.la.gov/legis/Law.aspx?d=112699,Procedure for recusation of district attorney
CCRP 682,https://www.legis.la.gov/legis/Law.aspx?d=112700,Appointment of substitute for a recused district attorney
CCRP 683,https://www.legis.la.gov/legis/Law.aspx?d=112701,Disability or absence of district attorney
CCRP 683.1,https://www.legis.la.gov/legis/Law.aspx?d=112702,Costs of prosecution and investigation
CCRP 684,https://www.legis.la.gov/legis/Law.aspx?d=112703,Review of recusal ruling
CCRP 691,https://www.legis.la.gov/legis/Law.aspx?d=112704,Dismissal of prosecution by district attorney
CCRP 692,https://www.legis.la.gov/legis/Law.aspx?d=112705,Dismissal of indictment after conviction
CCRP 693,https://www.legis.la.gov/legis/Law.aspx?d=112706,Effect of dismissal
CCRP 701,https://www.legis.la.gov/legis/Law.aspx?d=112708,Right to a speedy trial
CCRP 702,https://www.legis.la.gov/legis/Law.aspx?d=112709,Setting cases for trial
CCRP 703,https://www.legis.la.gov/legis/Law.aspx?d=112710,Motion to suppress evidence
CCRP 704,https://www.legis.la.gov/legis/Law.aspx?d=112711,Severance
CCRP 705,https://www.legis.la.gov/legis/Law.aspx?d=112712,Effects of severance
CCRP 706,https://www.legis.la.gov/legis/Law.aspx?d=112713,Consolidation for trial
CCRP 707,https://www.legis.la.gov/legis/Law.aspx?d=112714,Motion for continuance; time for filing
CCRP 708,https://www.legis.la.gov/legis/Law.aspx?d=112715,Continuance and recess; definitions
CCRP 709,https://www.legis.la.gov/legis/Law.aspx?d=112716,Continuance based on absence of a witness
CCRP 710,https://www.legis.la.gov/legis/Law.aspx?d=112717,Prevention of continuance by admission of adverse party
CCRP 711,https://www.legis.la.gov/legis/Law.aspx?d=112718,Trial of motion
CCRP 712,https://www.legis.la.gov/legis/Law.aspx?d=112719,Discretionary grounds
CCRP 713,https://www.legis.la.gov/legis/Law.aspx?d=112720,Peremptory grounds
CCRP 714,https://www.legis.la.gov/legis/Law.aspx?d=112721,Continuance to defendants jointly indicted
CCRP 715,https://www.legis.la.gov/legis/Law.aspx?d=112722,Continuance to definite date or indefinitely
CCRP 716,https://www.legis.la.gov/legis/Law.aspx?d=112723,"Statements by the defendant, codefendants, and witnesses"
CCRP 717,https://www.legis.la.gov/legis/Law.aspx?d=112724,Disclosure by the state; criminal records of defendant and witnesses; inducements to the state's witnesses
CCRP 718,https://www.legis.la.gov/legis/Law.aspx?d=112725,Documents and tangible objects
CCRP 718.1,https://www.legis.la.gov/legis/Law.aspx?d=813864,"Evidence of obscenity, video voyeurism, pornography involving juveniles, or unlawful posting of criminal activity for notoriety and publicity; prohibition on reproduction of pornography involving juveniles"
CCRP 719,https://www.legis.la.gov/legis/Law.aspx?d=112726,Reports of examinations and tests
CCRP 720,https://www.legis.la.gov/legis/Law.aspx?d=112727,Evidence of other crimes
CCRP 721,https://www.legis.la.gov/legis/Law.aspx?d=112728,Statements of coconspirators
CCRP 722,https://www.legis.la.gov/legis/Law.aspx?d=112729,Confessions and statements of codefendants
CCRP 723,https://www.legis.la.gov/legis/Law.aspx?d=112730,"State reports and other matters not subject to disclosure, favorable evidence"
CCRP 724,https://www.legis.la.gov/legis/Law.aspx?d=112731,Documents and tangible objects
CCRP 725,https://www.legis.la.gov/legis/Law.aspx?d=112732,Reports of examinations and tests
CCRP 725.1,https://www.legis.la.gov/legis/Law.aspx?d=813871,Disclosure by the defendant; names of defense witnesses
CCRP 726,https://www.legis.la.gov/legis/Law.aspx?d=112733,Notice of defense based upon mental condition
CCRP 727,https://www.legis.la.gov/legis/Law.aspx?d=112734,Notice of alibi
CCRP 728,https://www.legis.la.gov/legis/Law.aspx?d=112735,Defense information and other matters not subject to disclosure
CCRP 729,https://www.legis.la.gov/legis/Law.aspx?d=112736,Time and scope of motion by defendant
CCRP 729.1,https://www.legis.la.gov/legis/Law.aspx?d=112737,Court's disposition of motion for discovery; vacation or restriction of order
CCRP 729.2,https://www.legis.la.gov/legis/Law.aspx?d=112738,"Time, place and manner of discovery and inspection"
CCRP 729.3,https://www.legis.la.gov/legis/Law.aspx?d=112739,Continuing duty to disclose
CCRP 729.4,https://www.legis.la.gov/legis/Law.aspx?d=112740,Pretrial conferences
CCRP 729.5,https://www.legis.la.gov/legis/Law.aspx?d=112741,Failure to comply; sanctions
CCRP 729.6,https://www.legis.la.gov/legis/Law.aspx?d=112742,Applicability of discovery
CCRP 729.7,https://www.legis.la.gov/legis/Law.aspx?d=859217,Protection of witness identity
CCRP 731,https://www.legis.la.gov/legis/Law.aspx?d=112743,Issuance of subpoenas
CCRP 732,https://www.legis.la.gov/legis/Law.aspx?d=112744,Subpoena duces tecum
CCRP 732.1,https://www.legis.la.gov/legis/Law.aspx?d=725173,Subpoena duces tecum regarding sex offenses against victims who are minors
CCRP 732.2,https://www.legis.la.gov/legis/Law.aspx?d=1238747,Subpoena duces tecum regarding human trafficking offenses
CCRP 733,https://www.legis.la.gov/legis/Law.aspx?d=112745,Form
CCRP 734,https://www.legis.la.gov/legis/Law.aspx?d=112746,Service of subpoena by sheriff; investigators
CCRP 735,https://www.legis.la.gov/legis/Law.aspx?d=112747,Types of service
CCRP 736,https://www.legis.la.gov/legis/Law.aspx?d=112748,Return of subpoena by sheriff
CCRP 737,https://www.legis.la.gov/legis/Law.aspx?d=112749,Contempt; attachment of witnesses failing to appear
CCRP 738,https://www.legis.la.gov/legis/Law.aspx?d=112750,Number of witnesses allowed
CCRP 739,https://www.legis.la.gov/legis/Law.aspx?d=112751,Indigent defendant
CCRP 740,https://www.legis.la.gov/legis/Law.aspx?d=112752,Restrictions on subpoenas; members of the legislature and personnel
CCRP 741,https://www.legis.la.gov/legis/Law.aspx?d=112753,Method of obtaining a witness from another state
CCRP 742,https://www.legis.la.gov/legis/Law.aspx?d=112754,Method of summoning a witness in this state to testify in another state
CCRP 743,https://www.legis.la.gov/legis/Law.aspx?d=112755,Exemption from arrest and service of process
CCRP 744,https://www.legis.la.gov/legis/Law.aspx?d=112756,Witness; state; defined
CCRP 745,https://www.legis.la.gov/legis/Law.aspx?d=997528,Uniformity of interpretation
CCRP 761,https://www.legis.la.gov/legis/Law.aspx?d=112757,Commencement of trial
CCRP 761.1,https://www.legis.la.gov/legis/Law.aspx?d=112758,Homicide victim's picture; possession by family member in courtroom
CCRP 762,https://www.legis.la.gov/legis/Law.aspx?d=112759,Place of sessions of court
CCRP 763,https://www.legis.la.gov/legis/Law.aspx?d=112760,Proceedings on holidays
CCRP 764,https://www.legis.la.gov/legis/Law.aspx?d=112761,Exclusion of witnesses
CCRP 765,https://www.legis.la.gov/legis/Law.aspx?d=112762,Normal order of trial
CCRP 766,https://www.legis.la.gov/legis/Law.aspx?d=112763,Opening statement by state; scope
CCRP 767,https://www.legis.la.gov/legis/Law.aspx?d=112764,Same; prohibition against adverting to confessions
CCRP 768,https://www.legis.la.gov/legis/Law.aspx?d=112765,Same; use of confession or inculpatory statement; notice to defendant prior to opening statement
CCRP 769,https://www.legis.la.gov/legis/Law.aspx?d=112766,Same; effect on introduction of evidence
CCRP 770,https://www.legis.la.gov/legis/Law.aspx?d=112767,Prejudicial remarks; basis of mistrial
CCRP 771,https://www.legis.la.gov/legis/Law.aspx?d=112768,Admonition
CCRP 772,https://www.legis.la.gov/legis/Law.aspx?d=112769,Comment on facts by judge in jury's presence prohibited
CCRP 773,https://www.legis.la.gov/legis/Law.aspx?d=112770,Order of evidence; foundation
CCRP 774,https://www.legis.la.gov/legis/Law.aspx?d=112771,Argument; scope
CCRP 775,https://www.legis.la.gov/legis/Law.aspx?d=112772,Mistrial; grounds for
CCRP 775.1,https://www.legis.la.gov/legis/Law.aspx?d=285077,Automatic stay following order of mistrial
CCRP 776,https://www.legis.la.gov/legis/Law.aspx?d=112773,Oath of witness
CCRP 777,https://www.legis.la.gov/legis/Law.aspx?d=112774,Recordation of proceedings
CCRP 778,https://www.legis.la.gov/legis/Law.aspx?d=112775,Motion for acquittal
CCRP 779,https://www.legis.la.gov/legis/Law.aspx?d=112776,Trial of misdemeanors
CCRP 780,https://www.legis.la.gov/legis/Law.aspx?d=112777,Right to waive trial by jury
CCRP 781,https://www.legis.la.gov/legis/Law.aspx?d=112778,Charges in cases tried without a jury
CCRP 782,https://www.legis.la.gov/legis/Law.aspx?d=112779,Number of jurors composing jury; number which must concur; waiver
CCRP 783,https://www.legis.la.gov/legis/Law.aspx?d=112780,"Excusing, tendering, and attachment of members of the venire"
CCRP 784,https://www.legis.la.gov/legis/Law.aspx?d=112781,Method of selecting panel
CCRP 785,https://www.legis.la.gov/legis/Law.aspx?d=112782,Tales jurors
CCRP 786,https://www.legis.la.gov/legis/Law.aspx?d=112783,Examination of jurors
CCRP 787,https://www.legis.la.gov/legis/Law.aspx?d=112784,Disqualification of petit jurors in particular cases
CCRP 788,https://www.legis.la.gov/legis/Law.aspx?d=112785,Tendering jurors
CCRP 789,https://www.legis.la.gov/legis/Law.aspx?d=112786,Alternate jurors
CCRP 790,https://www.legis.la.gov/legis/Law.aspx?d=112787,Swearing of jurors
CCRP 791,https://www.legis.la.gov/legis/Law.aspx?d=112788,Sequestration of jurors and jury
CCRP 792,https://www.legis.la.gov/legis/Law.aspx?d=112789,Selection of foreman
CCRP 793,https://www.legis.la.gov/legis/Law.aspx?d=112790,Use of evidence in jury room; reading of recorded testimony; jurors' notes
CCRP 794,https://www.legis.la.gov/legis/Law.aspx?d=112791,Removal of jury
CCRP 795,https://www.legis.la.gov/legis/Law.aspx?d=112792,Time for challenges; method; peremptory challenges based on race or gender; restrictions
CCRP 796,https://www.legis.la.gov/legis/Law.aspx?d=112793,Removal of juror after swearing
CCRP 797,https://www.legis.la.gov/legis/Law.aspx?d=112794,Challenge for cause
CCRP 798,https://www.legis.la.gov/legis/Law.aspx?d=112795,Causes for challenge by the state
CCRP 799,https://www.legis.la.gov/legis/Law.aspx?d=112796,Number of peremptory challenges
CCRP 799.1,https://www.legis.la.gov/legis/Law.aspx?d=408635,Challenges; use of all available challenges
CCRP 800,https://www.legis.la.gov/legis/Law.aspx?d=112798,Objection to ruling on challenge for cause
CCRP 801,https://www.legis.la.gov/legis/Law.aspx?d=112799,Time for charge; when written charge required
CCRP 802,https://www.legis.la.gov/legis/Law.aspx?d=112800,General charge; scope
CCRP 803,https://www.legis.la.gov/legis/Law.aspx?d=112801,Same; charge as to included minor offenses and plea of insanity
CCRP 804,https://www.legis.la.gov/legis/Law.aspx?d=112802,"Same; charge as to presumption of innocence, reasonable doubt, and several grades of offense"
CCRP 805,https://www.legis.la.gov/legis/Law.aspx?d=112803,Same; charge as to verdict acquitting on account of insanity
CCRP 806,https://www.legis.la.gov/legis/Law.aspx?d=112804,Prohibited charges
CCRP 807,https://www.legis.la.gov/legis/Law.aspx?d=112805,Special written charges
CCRP 808,https://www.legis.la.gov/legis/Law.aspx?d=112806,Manner of giving further charges after jury retires
CCRP 809,https://www.legis.la.gov/legis/Law.aspx?d=112807,Judge to give jury written list of responsive verdicts
CCRP 810,https://www.legis.la.gov/legis/Law.aspx?d=112808,Form of verdict; delivery of verdict
CCRP 811,https://www.legis.la.gov/legis/Law.aspx?d=112809,Receipt and recordation of verdict
CCRP 812,https://www.legis.la.gov/legis/Law.aspx?d=112810,Same; polling and disposition of jury
CCRP 813,https://www.legis.la.gov/legis/Law.aspx?d=112811,Improper verdict; procedure
CCRP 814,https://www.legis.la.gov/legis/Law.aspx?d=112812,Responsive verdicts; in particular
CCRP 815,https://www.legis.la.gov/legis/Law.aspx?d=112813,Responsive verdicts; in general
CCRP 816,https://www.legis.la.gov/legis/Law.aspx?d=112814,Verdict acquitting on account of insanity
CCRP 817,https://www.legis.la.gov/legis/Law.aspx?d=112815,Qualifying verdicts
CCRP 818,https://www.legis.la.gov/legis/Law.aspx?d=112816,Separate verdict for each defendant
CCRP 819,https://www.legis.la.gov/legis/Law.aspx?d=112817,Separate verdict for each count
CCRP 820,https://www.legis.la.gov/legis/Law.aspx?d=112818,Application of chapter to cases tried without a jury
CCRP 821,https://www.legis.la.gov/legis/Law.aspx?d=112819,Motion for post verdict judgment of acquittal
CCRP 822,https://www.legis.la.gov/legis/Law.aspx?d=112820,Motion for amending or modifying sentence
CCRP 831,https://www.legis.la.gov/legis/Law.aspx?d=112821,Presence of defendant when prosecution is for felony
CCRP 832,https://www.legis.la.gov/legis/Law.aspx?d=112822,Continued presence not required
CCRP 833,https://www.legis.la.gov/legis/Law.aspx?d=112823,Presence of defendant; misdemeanor prosecution
CCRP 834,https://www.legis.la.gov/legis/Law.aspx?d=112824,When presence of defendant not necessary
CCRP 835,https://www.legis.la.gov/legis/Law.aspx?d=112825,Presence of defendant at pronouncement of sentence
CCRP 836,https://www.legis.la.gov/legis/Law.aspx?d=112826,Presence of corporation or association
CCRP 841,https://www.legis.la.gov/legis/Law.aspx?d=112827,Bill of exceptions unnecessary; objections required
CCRP 842,https://www.legis.la.gov/legis/Law.aspx?d=112828,Codefendants; presumption as to objections
CCRP 843,https://www.legis.la.gov/legis/Law.aspx?d=112829,Recording of proceedings
CCRP 844,https://www.legis.la.gov/legis/Law.aspx?d=112830,Assignment of errors; sanctions for failure to file timely
CCRP 845,https://www.legis.la.gov/legis/Law.aspx?d=112831,"Repealed by Acts 1982, No. 143, 3"
CCRP 851,https://www.legis.la.gov/legis/Law.aspx?d=112832,Grounds for new trial
CCRP 852,https://www.legis.la.gov/legis/Law.aspx?d=112833,"Form, content, and trial of motion for new trial"
CCRP 853,https://www.legis.la.gov/legis/Law.aspx?d=112834,Time for filing motion for new trial
CCRP 854,https://www.legis.la.gov/legis/Law.aspx?d=112835,Newly discovered evidence; necessary allegations
CCRP 855,https://www.legis.la.gov/legis/Law.aspx?d=112836,Errors discovered after verdict or judgment of guilty; necessary allegations
CCRP 855.1,https://www.legis.la.gov/legis/Law.aspx?d=919636,Conviction based on acts committed as a victim of trafficking
CCRP 856,https://www.legis.la.gov/legis/Law.aspx?d=112837,Motion to urge all available grounds; exceptions
CCRP 857,https://www.legis.la.gov/legis/Law.aspx?d=112838,Effect of granting new trial
CCRP 858,https://www.legis.la.gov/legis/Law.aspx?d=112839,Review of ruling on motion for new trial
CCRP 859,https://www.legis.la.gov/legis/Law.aspx?d=112840,Grounds for arrest of judgment
CCRP 860,https://www.legis.la.gov/legis/Law.aspx?d=112841,"Form, content, and trial of motion in arrest"
CCRP 861,https://www.legis.la.gov/legis/Law.aspx?d=112842,Time for filing motion in arrest
CCRP 862,https://www.legis.la.gov/legis/Law.aspx?d=112843,Effect of sustaining motion in arrest of judgment
CCRP 871,https://www.legis.la.gov/legis/Law.aspx?d=112844,Sentence defined; pronouncing and recording of sentence; certification of conviction
CCRP 871.1,https://www.legis.la.gov/legis/Law.aspx?d=112845,Sentencing orders to be sent to Louisiana Protective Order Registry
CCRP 871.2,https://www.legis.la.gov/legis/Law.aspx?d=859218,Presentence inquiry of veteran status
CCRP 872,https://www.legis.la.gov/legis/Law.aspx?d=112846,Basis for valid sentence
CCRP 873,https://www.legis.la.gov/legis/Law.aspx?d=112847,Delay between conviction and sentence
CCRP 874,https://www.legis.la.gov/legis/Law.aspx?d=112848,Prompt sentence required; relief by writs
CCRP 875,https://www.legis.la.gov/legis/Law.aspx?d=112849,Presentence investigation; juvenile records; drug screening; veterans
CCRP 875.1,https://www.legis.la.gov/legis/Law.aspx?d=112850,Determination of substantial financial hardship to the defendant
CCRP 876,https://www.legis.la.gov/legis/Law.aspx?d=112851,Sentence for crime committed as a child
CCRP 877,https://www.legis.la.gov/legis/Law.aspx?d=112852,Protection of investigation reports
CCRP 878,https://www.legis.la.gov/legis/Law.aspx?d=112853,Cruel or unusual punishment
CCRP 878.1,https://www.legis.la.gov/legis/Law.aspx?d=859219,Sentencing hearing for juvenile offenders
CCRP 879,https://www.legis.la.gov/legis/Law.aspx?d=112854,Determinate sentence required
CCRP 880,https://www.legis.la.gov/legis/Law.aspx?d=112855,Credit for prior custody; limitations
CCRP 881,https://www.legis.la.gov/legis/Law.aspx?d=112856,Amendment of sentence
CCRP 881.1,https://www.legis.la.gov/legis/Law.aspx?d=112857,Motion to reconsider sentence
CCRP 881.2,https://www.legis.la.gov/legis/Law.aspx?d=112858,Review of sentence
CCRP 881.3,https://www.legis.la.gov/legis/Law.aspx?d=112859,Record on review of sentence
CCRP 881.4,https://www.legis.la.gov/legis/Law.aspx?d=112860,Action by appellate court
CCRP 881.5,https://www.legis.la.gov/legis/Law.aspx?d=112861,Correction of illegal sentence by trial court
CCRP 881.6,https://www.legis.la.gov/legis/Law.aspx?d=112862,Reducing a sentence for substantial assistance
CCRP 881.7,https://www.legis.la.gov/legis/Law.aspx?d=762597,Memorandum of understanding; limits on reduction of sentence for substantial assistance by a defendant
CCRP 882,https://www.legis.la.gov/legis/Law.aspx?d=112863,Correction of illegal sentence; review of illegal sentence
CCRP 883,https://www.legis.la.gov/legis/Law.aspx?d=112864,Concurrent and consecutive sentences
CCRP 883.1,https://www.legis.la.gov/legis/Law.aspx?d=112865,Sentences concurrent with sentences of other jurisdictions
CCRP 883.2,https://www.legis.la.gov/legis/Law.aspx?d=112866,Restitution to victim
CCRP 884,https://www.legis.la.gov/legis/Law.aspx?d=112867,Sentence of fine with imprisonment for default
CCRP 885,https://www.legis.la.gov/legis/Law.aspx?d=112868,Release on payment of fine and costs
CCRP 885.1,https://www.legis.la.gov/legis/Law.aspx?d=191013,Suspension of driving privileges; failure to pay criminal fines
CCRP 886,https://www.legis.la.gov/legis/Law.aspx?d=112869,Enforcement of fine by civil process; offset of tax refund
CCRP 886.1,https://www.legis.la.gov/legis/Law.aspx?d=112870,Judgment for fines and costs declared executory; required notice
CCRP 887,https://www.legis.la.gov/legis/Law.aspx?d=112871,Defendant's liability for costs; suspension of costs; no advance costs
CCRP 888,https://www.legis.la.gov/legis/Law.aspx?d=112872,Costs and fines; payment
CCRP 889,https://www.legis.la.gov/legis/Law.aspx?d=112873,"Collection and disposition of fines, costs, and forfeitures"
CCRP 890,https://www.legis.la.gov/legis/Law.aspx?d=112874,Method of service of sentence of imprisonment; labor and confinement; workday release program
CCRP 890.1,https://www.legis.la.gov/legis/Law.aspx?d=112875,Waiver of minimum mandatory sentences; procedure; exceptions
CCRP 890.2,https://www.legis.la.gov/legis/Law.aspx?d=112876,Fines for individual defendants
CCRP 890.3,https://www.legis.la.gov/legis/Law.aspx?d=1015538,Sentencing for crimes of violence
CCRP 891,https://www.legis.la.gov/legis/Law.aspx?d=112877,Forfeiture of weapons
CCRP 892,https://www.legis.la.gov/legis/Law.aspx?d=112878,Post-sentence statement by sheriff; accompanying documents
CCRP 892.1,https://www.legis.la.gov/legis/Law.aspx?d=112879,Driver improvement programs
CCRP 892.2,https://www.legis.la.gov/legis/Law.aspx?d=112880,Notice of controlled dangerous substance conviction; licensing authority
CCRP 892.3,https://www.legis.la.gov/legis/Law.aspx?d=112881,Transfer of foreign nationals or citizens; treaty
CCRP 893,https://www.legis.la.gov/legis/Law.aspx?d=112882,Suspension and deferral of sentence and probation in felony cases
CCRP 893.1,https://www.legis.la.gov/legis/Law.aspx?d=112883,Motion to invoke firearm sentencing provision
CCRP 893.2,https://www.legis.la.gov/legis/Law.aspx?d=112884,"Discharge, use, or possession of firearm in commission of a felony or a specifically enumerated misdemeanor; submission to jury"
CCRP 893.3,https://www.legis.la.gov/legis/Law.aspx?d=112885,"Sentence imposed on felony or specifically enumerated misdemeanor in which firearm was possessed, used, or discharged"
CCRP 893.4,https://www.legis.la.gov/legis/Law.aspx?d=112886,Inapplicability to unintentional felonies
CCRP 893.5,https://www.legis.la.gov/legis/Law.aspx?d=112887,Community service in lieu of imprisonment
CCRP 894,https://www.legis.la.gov/legis/Law.aspx?d=112888,Suspension and deferral of sentence; probation in misdemeanor cases
CCRP 894.1,https://www.legis.la.gov/legis/Law.aspx?d=112889,Sentencing guidelines; generally
CCRP 894.2,https://www.legis.la.gov/legis/Law.aspx?d=112890,Home incarceration; requirements
CCRP 894.3,https://www.legis.la.gov/legis/Law.aspx?d=112891,Notice to victim for sentencing
CCRP 894.4,https://www.legis.la.gov/legis/Law.aspx?d=408641,Probation; extension
CCRP 894.5,https://www.legis.la.gov/legis/Law.aspx?d=962181,Submission of DWI - Code of Criminal Procedure Article 894 Plea Records to office of motor vehicles; forms to be used and completed by the clerk of court
CCRP 895,https://www.legis.la.gov/legis/Law.aspx?d=112892,Conditions of probation
CCRP 895.1,https://www.legis.la.gov/legis/Law.aspx?d=112893,Probation; restitution; judgment for restitution; fees
CCRP 895.2,https://www.legis.la.gov/legis/Law.aspx?d=112894,Probation; restitution for values of wildlife
CCRP 895.3,https://www.legis.la.gov/legis/Law.aspx?d=112895,Probationer transferred between states; fees
CCRP 895.4,https://www.legis.la.gov/legis/Law.aspx?d=112896,Probation; fees; certified crime stoppers organizations
CCRP 895.5,https://www.legis.la.gov/legis/Law.aspx?d=670256,Restitution recovery division; district attorneys; establishment
CCRP 895.6,https://www.legis.la.gov/legis/Law.aspx?d=1054581,Compliance credits; probation
CCRP 896,https://www.legis.la.gov/legis/Law.aspx?d=112897,Modifying or changing conditions of probation
CCRP 897,https://www.legis.la.gov/legis/Law.aspx?d=112898,Termination of probation or suspended sentence; discharge of defendant
CCRP 898,https://www.legis.la.gov/legis/Law.aspx?d=112899,Satisfaction of suspended sentence and probation
CCRP 899,https://www.legis.la.gov/legis/Law.aspx?d=112900,Arrest or summons for violation of probation
CCRP 899.1,https://www.legis.la.gov/legis/Law.aspx?d=762604,Administrative sanctions for technical violations
CCRP 899.2,https://www.legis.la.gov/legis/Law.aspx?d=1054592,Administrative sanctions for technical violations; offenses other than crimes of violence or sex offenses
CCRP 900,https://www.legis.la.gov/legis/Law.aspx?d=112902,Violation hearing; sanctions
CCRP 901,https://www.legis.la.gov/legis/Law.aspx?d=112903,Revocation for commission of another offense
CCRP 901.1,https://www.legis.la.gov/legis/Law.aspx?d=112904,Additional sanctions for probation revocation
CCRP 902,https://www.legis.la.gov/legis/Law.aspx?d=112905,Drug addict; pre-sentence investigation; voluntary treatment; conditions of probation
CCRP 903,https://www.legis.la.gov/legis/Law.aspx?d=859220,Substance abuse probation program; authorization
CCRP 903.1,https://www.legis.la.gov/legis/Law.aspx?d=859221,Substance abuse probation program; eligibility
CCRP 903.2,https://www.legis.la.gov/legis/Law.aspx?d=859222,Substance abuse probation; sentencing
CCRP 903.3,https://www.legis.la.gov/legis/Law.aspx?d=859223,Substance abuse treatment program; cost
CCRP 905,https://www.legis.la.gov/legis/Law.aspx?d=112906,Capital cases; sentencing hearing required; delay; waiver
CCRP 905.1,https://www.legis.la.gov/legis/Law.aspx?d=112907,Sentencing hearing jury; commencement
CCRP 905.2,https://www.legis.la.gov/legis/Law.aspx?d=112908,Sentencing hearing; procedure and evidence; jury instructions
CCRP 905.3,https://www.legis.la.gov/legis/Law.aspx?d=112909,Sentence of death; jury findings
CCRP 905.4,https://www.legis.la.gov/legis/Law.aspx?d=112910,Aggravating circumstances
CCRP 905.5,https://www.legis.la.gov/legis/Law.aspx?d=112911,Mitigating circumstances
CCRP 905.5.1,https://www.legis.la.gov/legis/Law.aspx?d=191015,Intellectual disability
CCRP 905.6,https://www.legis.la.gov/legis/Law.aspx?d=112912,Jury; unanimous determination
CCRP 905.7,https://www.legis.la.gov/legis/Law.aspx?d=112913,Form of determination
CCRP 905.8,https://www.legis.la.gov/legis/Law.aspx?d=112914,Imposition of sentence
CCRP 905.9,https://www.legis.la.gov/legis/Law.aspx?d=112915,Review on appeal
CCRP 911,https://www.legis.la.gov/legis/Law.aspx?d=112916,Right to appeal from judgment
CCRP 912,https://www.legis.la.gov/legis/Law.aspx?d=112917,Judgments or rulings appealable
CCRP 912.1,https://www.legis.la.gov/legis/Law.aspx?d=112918,Right of appeal and application for review; defendant
CCRP 913,https://www.legis.la.gov/legis/Law.aspx?d=112919,Effect of appeal
CCRP 914,https://www.legis.la.gov/legis/Law.aspx?d=112920,Method and time of appeal
CCRP 914.1,https://www.legis.la.gov/legis/Law.aspx?d=112921,Designation of record; payment of costs; sanction
CCRP 915,https://www.legis.la.gov/legis/Law.aspx?d=112922,Action on a motion for appeal; return; notice
CCRP 915.1,https://www.legis.la.gov/legis/Law.aspx?d=112923,Appeals; extension of return date; notice
CCRP 916,https://www.legis.la.gov/legis/Law.aspx?d=112924,Divesting of jurisdiction of trial court
CCRP 917,https://www.legis.la.gov/legis/Law.aspx?d=112925,Record on appeal; preparation
CCRP 918,https://www.legis.la.gov/legis/Law.aspx?d=112926,Record on appeal; certified and dated
CCRP 919,https://www.legis.la.gov/legis/Law.aspx?d=112927,Record on appeal; preparation and delivery of transcripts
CCRP 919.1,https://www.legis.la.gov/legis/Law.aspx?d=112928,Record on appeal; contempt
CCRP 920,https://www.legis.la.gov/legis/Law.aspx?d=112929,Scope of appellate review
CCRP 921,https://www.legis.la.gov/legis/Law.aspx?d=112930,Matters not grounds for reversal
CCRP 921.1,https://www.legis.la.gov/legis/Law.aspx?d=919661,Notice of decision in criminal appeals
CCRP 922,https://www.legis.la.gov/legis/Law.aspx?d=112931,Finality of judgment on appeal
CCRP 923,https://www.legis.la.gov/legis/Law.aspx?d=112932,Duty of clerk as to final decisions in appellate court
CCRP 924,https://www.legis.la.gov/legis/Law.aspx?d=112933,Definitions
CCRP 924.1,https://www.legis.la.gov/legis/Law.aspx?d=112934,Effect of appeal
CCRP 925,https://www.legis.la.gov/legis/Law.aspx?d=112935,Venue
CCRP 926,https://www.legis.la.gov/legis/Law.aspx?d=112936,Petition
CCRP 926.1,https://www.legis.la.gov/legis/Law.aspx?d=112937,Application for DNA testing
CCRP 926.2,https://www.legis.la.gov/legis/Law.aspx?d=1239817,Factual innocence
CCRP 926.3,https://www.legis.la.gov/legis/Law.aspx?d=1239816,Motion for testing of evidence
CCRP 927,https://www.legis.la.gov/legis/Law.aspx?d=112938,Procedural objections; answer
CCRP 928,https://www.legis.la.gov/legis/Law.aspx?d=112939,Dismissal upon the pleadings
CCRP 929,https://www.legis.la.gov/legis/Law.aspx?d=112940,Summary disposition
CCRP 930,https://www.legis.la.gov/legis/Law.aspx?d=112941,Evidentiary hearing
CCRP 930.1,https://www.legis.la.gov/legis/Law.aspx?d=112942,"Judgment granting or denying relief under Articles 928, 929, and 930"
CCRP 930.2,https://www.legis.la.gov/legis/Law.aspx?d=112943,Burden of proof
CCRP 930.3,https://www.legis.la.gov/legis/Law.aspx?d=112944,Grounds
CCRP 930.4,https://www.legis.la.gov/legis/Law.aspx?d=112945,Repetitive applications
CCRP 930.5,https://www.legis.la.gov/legis/Law.aspx?d=112946,Custody pending retrial; bail
CCRP 930.6,https://www.legis.la.gov/legis/Law.aspx?d=112947,Review of trial court judgments
CCRP 930.7,https://www.legis.la.gov/legis/Law.aspx?d=112948,Right to counsel
CCRP 930.8,https://www.legis.la.gov/legis/Law.aspx?d=112949,Time limitations; exceptions; prejudicial delay
CCRP 930.9,https://www.legis.la.gov/legis/Law.aspx?d=507424,Attendance by the petitioner
CCRP 930.10,https://www.legis.la.gov/legis/Law.aspx?d=1239813,Departure from this Title; post conviction plea agreements
CCRP 931,https://www.legis.la.gov/legis/Law.aspx?d=112950,"Courts, judges, and magistrates"
CCRP 932,https://www.legis.la.gov/legis/Law.aspx?d=112951,"Jurors, juries, and jury venires"
CCRP 933,https://www.legis.la.gov/legis/Law.aspx?d=112952,Offenses
CCRP 934,https://www.legis.la.gov/legis/Law.aspx?d=112953,Miscellaneous definitions
CCRP 941,https://www.legis.la.gov/legis/Law.aspx?d=330426,Legislative findings
CCRP 942,https://www.legis.la.gov/legis/Law.aspx?d=330427,Definitions
CCRP 943,https://www.legis.la.gov/legis/Law.aspx?d=330428,Preemption of conflicting provisions
CCRP 944,https://www.legis.la.gov/legis/Law.aspx?d=330429,Emergency sessions of court; criteria
CCRP 945,https://www.legis.la.gov/legis/Law.aspx?d=330430,Venue; affected court; emergency sessions; habeas corpus
CCRP 946,https://www.legis.la.gov/legis/Law.aspx?d=330431,Jurisdiction of affected court conducting emergency sessions
CCRP 947,https://www.legis.la.gov/legis/Law.aspx?d=330432,Affected court conducting emergency sessions; authority and powers
CCRP 948,https://www.legis.la.gov/legis/Law.aspx?d=330433,Emergency sessions; length;  recision; continuation; extensions
CCRP 949,https://www.legis.la.gov/legis/Law.aspx?d=330434,Court costs and fees
CCRP 950,https://www.legis.la.gov/legis/Law.aspx?d=330435,Authority of district attorney in emergency sessions of court
CCRP 951,https://www.legis.la.gov/legis/Law.aspx?d=330436,Sheriff; law enforcement officer
CCRP 952,https://www.legis.la.gov/legis/Law.aspx?d=330437,Clerk of affected court
CCRP 953,https://www.legis.la.gov/legis/Law.aspx?d=330438,Authority of indigent defender board in emergency sessions of court
CCRP 954,https://www.legis.la.gov/legis/Law.aspx?d=330439,Jury pool; emergency sessions
CCRP 955,https://www.legis.la.gov/legis/Law.aspx?d=330440,Suspension of time limitations in affected courts; ninety days; recision; extensions; exceptions
CCRP 956,https://www.legis.la.gov/legis/Law.aspx?d=330441,Appeals; application for supervisory writs
CCRP 957,https://www.legis.la.gov/legis/Law.aspx?d=725174,Bail during emergency sessions of court; selected offenses
CCRP 958,https://www.legis.la.gov/legis/Law.aspx?d=1187303,"Suspension of time limitations in declared disaster, emergency, or public health emergency"
CCRP 971,https://www.legis.la.gov/legis/Law.aspx?d=919662,Legislative findings
CCRP 972,https://www.legis.la.gov/legis/Law.aspx?d=919663,Definitions
CCRP 972.1,https://www.legis.la.gov/legis/Law.aspx?d=1335631,Expungement of records; local courts
CCRP 973,https://www.legis.la.gov/legis/Law.aspx?d=919664,Effect of expunged record of arrest or conviction
CCRP 974,https://www.legis.la.gov/legis/Law.aspx?d=919665,Dissemination of expunged records by third parties; court order
CCRP 975,https://www.legis.la.gov/legis/Law.aspx?d=919666,Individuals incarcerated; ineligible to file motion to expunge records
CCRP 976,https://www.legis.la.gov/legis/Law.aspx?d=919667,Motion to expunge record of arrest that did not result in a conviction
CCRP 977,https://www.legis.la.gov/legis/Law.aspx?d=919669,Motion to expunge a record of arrest and conviction of a misdemeanor offense
CCRP 978,https://www.legis.la.gov/legis/Law.aspx?d=919670,Motion to expunge record of arrest and conviction of a felony offense
CCRP 979,https://www.legis.la.gov/legis/Law.aspx?d=919671,Service of motion to expunge a record
CCRP 980,https://www.legis.la.gov/legis/Law.aspx?d=919672,Contradictory hearing
CCRP 981,https://www.legis.la.gov/legis/Law.aspx?d=919673,Judgment granting motion to expunge a record of arrest or conviction; execution
CCRP 982,https://www.legis.la.gov/legis/Law.aspx?d=919674,Service of order and judgment of expungement
CCRP 983,https://www.legis.la.gov/legis/Law.aspx?d=919675,Costs of expungement of a record; fees; collection; exemptions; disbursements
CCRP 984,https://www.legis.la.gov/legis/Law.aspx?d=919676,Additional requirements for the expungement of records involving the operation of a vehicle while intoxicated; additional fee
CCRP 985,https://www.legis.la.gov/legis/Law.aspx?d=919677,Expungement by redaction of records with references to multiple individuals
CCRP 985.1,https://www.legis.la.gov/legis/Law.aspx?d=919678,Interim motion to expunge a felony arrest from criminal history in certain cases resulting in a misdemeanor conviction
CCRP 985.2,https://www.legis.la.gov/legis/Law.aspx?d=1335802,Automated expungement of qualifying records
CCRP 986,https://www.legis.la.gov/legis/Law.aspx?d=919679,Forms for the expungement of records
CCRP 987,https://www.legis.la.gov/legis/Law.aspx?d=919680,Motion to set aside conviction and dismiss prosecution; rule to show cause; order of dismissal forms to be used
CCRP 988,https://www.legis.la.gov/legis/Law.aspx?d=919681,Motion for fee exemption form to be used
CCRP 989,https://www.legis.la.gov/legis/Law.aspx?d=919682,Motion for expungement forms to be used
CCRP 990,https://www.legis.la.gov/legis/Law.aspx?d=919685,Affidavit of response form to be used
CCRP 991,https://www.legis.la.gov/legis/Law.aspx?d=919686,Order form to be used
CCRP 992,https://www.legis.la.gov/legis/Law.aspx?d=919687,Order of expungement form to be used
CCRP 993,https://www.legis.la.gov/legis/Law.aspx?d=919688,Supplemental forms to be used
CCRP 994,https://www.legis.la.gov/legis/Law.aspx?d=919690,Motion for interim expungement form to be used
CCRP 995,https://www.legis.la.gov/legis/Law.aspx?d=919691,Order of interim expungement form to be used
CCRP 996,https://www.legis.la.gov/legis/Law.aspx?d=962205,Submission of expungement records to office of motor vehicles; forms to be used and completed by the clerk of court
CCRP 997,https://www.legis.la.gov/legis/Law.aspx?d=1293462,Certification of human trafficking victim status
CCRP 998,https://www.legis.la.gov/legis/Law.aspx?d=1335832,Motion for expungement form to be used for certain misdemeanor convictions
CCRP 1001,https://www.legis.la.gov/legis/Law.aspx?d=1106498,Definitions
CCRP 1001.1,https://www.legis.la.gov/legis/Law.aspx?d=1147407,Duties of the sheriff; other law enforcement agencies
CCRP 1002,https://www.legis.la.gov/legis/Law.aspx?d=1106499,Transfer of firearms
CCRP 1002.1,https://www.legis.la.gov/legis/Law.aspx?d=1147409,"Designation of crime of violence against family member, household member, or dating partner"
CCRP 1003,https://www.legis.la.gov/legis/Law.aspx?d=1106500,Transfer or storage of transferred firearms
CCRP 1003.1,https://www.legis.la.gov/legis/Law.aspx?d=1147410,Public records; exception
CCRP 1004,https://www.legis.la.gov/legis/Law.aspx?d=1106501,Implementation
CCRP 1005,https://www.legis.la.gov/legis/Law.aspx?d=1293463,Transfer of firearms; aggregate data collection and reporting
CCRP 1021,https://www.legis.la.gov/legis/Law.aspx?d=1147408,
